360,busybox,522
360,ipset,522
360,ntp,503
360,igmpproxy,273
360,updatedd,503
360,mtd-utils,196
360,opkg,113
360,util-linux,522
360,openssl,113
360,apstats,113
360,dnsmasq,113
360,hyd,113
360,lbd,113
360,tcpdump,113
360,wpa_supplicant,113
360,ntfs-3g,78
360,radvd,78
asus,busybox,1373
asus,ntfs-3g,56
asus,ethtool,1135
asus,wpa_supplicant,1373
asus,apstats,1135
asus,avahi,1373
asus,poptop,1373
asus,bridge-utils,1445
asus,ez-ipupdate,1135
asus,igmpproxy,1373
asus,xl2tpd,1373
asus,mtd-utils,1445
asus,openssl,1373
asus,stress,1135
asus,udpxy,1373
asus,wget,1373
asus,comgt,1354
asus,mmc-utils,561
asus,rfdformat,561
asus,newfs_hfs,1373
asus,ookla,447
asus,dnsmasq,1016
asus,netatalk,1282
asus,dbd,1282
asus,i2c-tools,904
asus,uniconv,1282
asus,iw,1282
asus,lighttpd,1282
asus,sd-idle,1282
asus,shn_ctrl,1282
asus,socat,784
asus,mkfatfs,1373
asus,linux-ntfs,1373
asus,curl,784
asus,quagga,1282
asus,wred,1282
asus,bluemoon,650
asus,btconfig,650
asus,jitterentropy-rngd,223
asus,e2fsprogs,1282
asus,sample.bin,1282
asus,conntrack,860
asus,iperf,860
asus,stubby,126
buffalo,openssl,29
buffalo,dnsmasq,29
buffalo,ppp,29
dlink,busybox,3945
dlink,iptables,3375
dlink,iperf,1473
dlink,lldp,1281
dlink,smtpclient,1473
dlink,openssl,3375
dlink,ppp,1473
dlink,pppoe,1473
dlink,coreutils,1096
dlink,curl,1473
dlink,ddns,1473
dlink,udhcp,1096
dlink,wpa_supplicant,3375
dlink,ne3_regrw_io,1096
dlink,ne3ext_avol,1096
dlink,ne3ext_hdmi,1096
dlink,ne3ext_vdec,1096
dlink,ne3ext_venc,1096
dlink,ne3sysparam,1096
dlink,ne3logsave,1096
dlink,ne3memdump,1096
dlink,avahi,1017
dlink,poptop,1017
dlink,radvd,1017
dlink,dnrd,3113
dlink,updatedd,1017
dlink,dnsmasq,967
dlink,gdb,568
dlink,gzip,1435
dlink,util-linux,1435
dlink,sed,1435
dlink,strace,1435
dlink,alsa,1435
dlink,gnu make,1435
dlink,tar,1435
dlink,arptables,1904
dlink,wlxmlpatch,3044
dlink,nameresolv,91
dlink,apstats,1106
foscam,busybox,116
netgear,avahi,1499
netgear,bridge-utils,1948
netgear,busybox,1950
netgear,curl,1948
netgear,dnrd,1235
netgear,igmpproxy,1887
netgear,mtools,1458
netgear,openssl,1520
netgear,pppoe,1235
netgear,tcpdump,1948
netgear,wget,1948
netgear,dnsmasq,1948
netgear,poptop,1948
netgear,radvd,1948
netgear,wpa_supplicant,1887
netgear,lighttpd,1151
netgear,mailsend,626
netgear,apstats,1653
netgear,bpalogin,302
netgear,iptables,1948
netgear,e2fsprogs,1887
netgear,mtd-utils,1887
netgear,ntfs-3g,1362
netgear,arp,198
netgear,ez-ipupdate,1887
netgear,ipset,195
netgear,sysstat,1520
netgear,ookla,821
netgear,iperf,195
netgear,ssmtp,1887
netgear,uclinux,913
netgear,mini_httpd,1128
netgear,nbtscan,1128
netgear,ppp,1235
netgear,xdslctl,1235
netgear,xtmctl,1235
netgear,cpu,1362
netgear,ate daemon,590
netgear,ecmh,590
netgear,p910nd,590
netgear,htmlget,1
netgear,smtpclient,461
netgear,proftpd,671
netgear,libfuse,695
netgear,netatalk,1447
netgear,zip,545
netgear,hdparm,1520
netgear,sample.bin,195
qnap,curl,465
qnap,dropbear,465
qnap,mtd-utils,465
qnap,bc,465
qnap,openssl,134
qnap,socat,465
qnap,jq,465
qnap,memtester,465
qnap,i2c-tools,465
qnap,logrotate,465
qnap,rsyslog,465
qnap,tcpdump,465
supermicro,gdb,804
supermicro,strace,760
supermicro,busybox,154
supermicro,mtd-utils,154
supermicro,openssl,154
supermicro,ethtool,154
supermicro,jpegtoavi,154
supermicro,bind-9,114
supermicro,lighttpd,166
supermicro,curl,118
supermicro,ntp,118
supermicro,i2c-tools,95
supermicro,rsyslog,55
synology,busybox,2197
synology,gdb,89
synology,ntfs-3g,2197
synology,tinylogin,89
synology,alsa,89
synology,strace,89
synology,ffmpeg,207
synology,iperf,89
synology,ltrace,89
synology,curl,89
synology,bootlogd,89
synology,mklost+found,89
synology,nfs-utils,89
synology,dosfsck,89
synology,ethtool,89
synology,ntp,2197
synology,rfdformat,89
synology,tcpdump,89
synology,thttpd,89
synology,e2fsprogs,2108
synology,memtester,2108
tenda,busybox,3357
tenda,bridge-utils,3109
tenda,iptables,3004
tenda,poptop,3004
tenda,ntfs-3g,2578
tenda,openssl,3109
tenda,p910nd,1897
tenda,dnrd,3004
tenda,lzma,3004
tenda,igmpproxy,3004
tenda,radvd,3061
tenda,dnsmasq,3061
tenda,libqrencode,85
tenda,alinkgw,477
tenda,opkg,633
tenda,gpon optic control,633
tenda,io utility,633
tenda,conntrack,2343
tenda,dropbear,633
tenda,i2c-tools,2448
tenda,ipwatchd,633
tenda,tcpdump,2448
tenda,udhcp,849
tenda,wget,1773
tenda,dosfsck,29
tenda,nginx,595
tenda,mtd-utils,1498
tenda,wpa_supplicant,1238
tenda,xl2tpd,25
tenda,ppp,290
tenda,inadyn,290
tenda,binutils,290
tenda,iw,395
tenda,strace,290
tenda,e2fsprogs,160
tenda,mmc-utils,160
tenda,rfdformat,160
tenda,pciutils,160
tenda,gptfdisk,160
tenda,map,160
tenda,curl,160
tomato-shibby,busybox,653
tomato-shibby,dnsmasq,653
tomato-shibby,iptables,90
tomato-shibby,poptop,497
tomato-shibby,bridge-utils,653
tomato-shibby,udpxy,653
tomato-shibby,igmpproxy,653
tomato-shibby,ipset,653
tomato-shibby,dnscrypt-proxy,90
tomato-shibby,hostip,90
tomato-shibby,openssl,653
tomato-shibby,ntfs-3g,90
tomato-shibby,comgt,497
tomato-shibby,nfs-utils,59
tomato-shibby,p910nd,497
tomato-shibby,portmap,59
tomato-shibby,transmission,497
tomato-shibby,tor,90
tomato-shibby,mdadm,90
tomato-shibby,nginx,59
tomato-shibby,bzip2,497
tomato-shibby,radvd,497
tomato-shibby,wget,497
tomato-shibby,avahi,497
tomato-shibby,netatalk,497
tomato-shibby,tcpdump,497
tp-link,busybox,4523
tp-link,opkg,2511
tp-link,crytool,1205
tp-link,dwds_ctl,48
tp-link,sysstat,1245
tp-link,openssl,2511
tp-link,sshpass,182
tp-link,strace,2471
tp-link,binutils,48
tp-link,curl,2511
tp-link,mtd-utils,2197
tp-link,tcpdump,1548
tp-link,wpa_supplicant,4483
tp-link,bridge-utils,3190
tp-link,dnsmasq,2511
tp-link,dropbear,2511
tp-link,ndp proxy,1000
tp-link,radvd,2896
tp-link,poptop,4523
tp-link,npd6,1379
tp-link,bootlogd,2589
tp-link,ppp,1166
tp-link,kbd,1166
tp-link,ethtool,1300
tp-link,iw,1884
tp-link,pimd,1166
tp-link,arp,1931
tp-link,util-linux,1931
tp-link,libiconv,1931
tp-link,nginx,2070
tp-link,apstats,2593
tp-link,samba,3283
tp-link,ntfs-3g,2896
tp-link,xdslctl,544
tp-link,xtmctl,544
tp-link,ookla,936
tp-link,net-snmp,2248
tp-link,iperf,2329
tp-link,conntrack,2079
tp-link,zic.c,1588
tp-link,wifidog,1931
tp-link,ipset,1931
tp-link,e2fsprogs,1300
tp-link,mongo,1300
tp-link,linux-ntfs,1300
tp-link,mmc-utils,1300
tp-link,comgt,2079
tp-link,qrngd,489
tp-link,qrngtest,489
tp-link,lighttpd,1141
tp-link,bftpd,1141
tp-link,attr,1141
tp-link,atcmdsrv,616
tp-link,i2c-tools,616
tp-link,dbus,991
tp-link,iptables,2899
tp-link,ate daemon,1810
tp-link,pppoe,2511
tp-link,pciutils,440
tp-link,rfdformat,169
tp-link,xl2tpd,83
tp-link,proftpd,2511
tp-link,udpxy,942
tp-link,avahi,993
tp-link,netatalk,993
tp-link,lantiq,102
tp-link,upgrade,102
tp-link,memtester,1895
tp-link,dev_discover,34
trendnet,atmarp,2
trendnet,iptables,1469
trendnet,pppoe,1639
trendnet,busybox,1696
trendnet,bridge-utils,1696
trendnet,ppp,1694
trendnet,dnrd,245
trendnet,xl2tpd,2
trendnet,poptop,1696
trendnet,mtd-utils,1063
trendnet,openssl,1639
trendnet,ez-ipupdate,115
trendnet,lighttpd,1694
trendnet,samba,866
trendnet,dropbear,1577
trendnet,updatedd,1346
trendnet,mini_httpd,1343
trendnet,tcpdump,1576
trendnet,inadyn,1343
trendnet,arptables,1343
trendnet,wget,1283
trendnet,open-plc-utils,1283
trendnet,wpa_supplicant,1695
trendnet,udhcp,1696
trendnet,arp,1696
trendnet,openssh,385
trendnet,sshpass,385
trendnet,isc dhcp,1356
trendnet,igmpproxy,1636
trendnet,dnsmasq,1696
trendnet,radvd,1639
trendnet,ethtool,1169
trendnet,i2c-tools,394
trendnet,ntfs-3g,1636
trendnet,opkg,1466
trendnet,redis,394
trendnet,strace,752
trendnet,tftp-hpa,691
trendnet,conntrack,394
trendnet,p910nd,394
trendnet,nginx,691
trendnet,avahi,1639
trendnet,renew ethernet daemon,1011
trendnet,sysstat,689
trendnet,transmission,625
trendnet,nbtscan,1636
trendnet,ipset,1636
trendnet,util-linux,1219
trendnet,curl,1183
trendnet,quagga,1183
trendnet,mailsend,436
trendnet,iperf,453
trendnet,apstats,1466
trendnet,watchdog,260
trendnet,cpu,1696
trendnet,net-snmp,1396
trendnet,uclinux,1
trendnet,vsntp,1
ubiquiti,apstats,1679
ubiquiti,busybox,2773
ubiquiti,curl,1953
ubiquiti,dnsmasq,1478
ubiquiti,dropbear,1953
ubiquiti,ethtool,1948
ubiquiti,igmpproxy,1249
ubiquiti,iperf,1607
ubiquiti,iw,1948
ubiquiti,lighttpd,1775
ubiquiti,pciutils,45
ubiquiti,memtester,576
ubiquiti,picocom,275
ubiquiti,radvd,275
ubiquiti,stress,1331
ubiquiti,tcpdump,1785
ubiquiti,wpa_supplicant,1942
ubiquiti,i2c-tools,476
ubiquiti,util-linux,1948
ubiquiti,bluemoon,1690
ubiquiti,ppp,1283
ubiquiti,opkg,1607
ubiquiti,openssl,1942
ubiquiti,jq,605
ubiquiti,net-snmp,1690
ubiquiti,comgt,488
ubiquiti,lldp,1780
ubiquiti,mtd-utils,1948
ubiquiti,procps,1471
ubiquiti,ipset,1015
ubiquiti,lbd,1679
ubiquiti,alsa,1317
ubiquiti,logrotate,915
ubiquiti,btconfig,915
ubiquiti,lrzsz,1525
ubiquiti,sed,333
ubiquiti,bzip2,313
ubiquiti,gzip,333
ubiquiti,tar,333
ubiquiti,libfuse,1367
ubiquiti,iptables,1367
ubiquiti,bridge-utils,605
ubiquiti,sysstat,1047
ubiquiti,trace-cmd,405
ubiquiti,dhcp-forwarder,176
xerox,util-linux,734
xerox,gzip,734
xerox,sed,734
xerox,bootlogd,734
xerox,debugfs,734
xerox,isc dhcp,734
xerox,e2fsprogs,734
xerox,hdparm,734
xerox,mklost+found,734
