iptables,815
ppp,686
miniupnp,639
dropbear,603
busybox,561
openssl,533
nas,509
logd,333
samba,326
net-snmp,313
minidlna,311
mtd-utils,306
wireless-tools,261
dnsmasq,247
procps,238
ntp,235
pppoe,235
udhcp,216
bpalogin,206
lantiq,205
frrouting,203
bridge-utils,195
curl,190
binutils,177
ebtables,177
conntrack,176
isc dhcp,172
util-linux,167
ethtool,166
iproute2,154
cloud-sdk,150
inetutils,149
openssh,143
tcpdump,139
email,133
lwip,132
sysstat,127
dbus,127
lighttpd,125
hostapd,123
xl2tpd,115
arp,113
lldp,108
zebra,108
sqlite,107
igmpproxy,107
wpa_supplicant,101
msmtp,99
iperf,97
bash,97
ralink,96
iw,95
sed,89
improxy,89
e2fsprogs,87
ate daemon,86
gdb,83
ipsec-tools,83
bzip2,82
ipset,81
ntfs-3g,76
tftp-hpa,75
poptop,73
logrotate,72
upgraded,70
conn-indicator,67
lbd,62
bluez,61
perl,61
stress,60
net-tools,55
watchdog,55
portmap,55
openvpn,54
gnupg,54
strace,54
ssmtp,54
avahi,53
libnl,53
rsyslog,50
wget,49
netstat-nat,49
zic.c,49
ethswctl,48
strongswan,48
radvd,48
iqctl,47
ddns,47
php,47
jpegtran,47
inadyn,46
sdparm,45
bootlogd,45
i2c-tools,44
minimalistic,44
ookla,44
dcd,43
ncurses,43
ez-ipupdate,42
lua,42
libtiff,42
libiconv,41
jq,40
7zip,39
lrzsz,38
bftpd,36
pciutils,35
bind-9,34
ipcmk,34
rng-tools,34
xz,33
kbd,33
pimd,33
ceventd,31
dnrd,31
wol,30
gzip,30
jpegtoavi,30
telnetenabled,29
android debug bridge,29
ceventc,28
opkg,28
upgrade,27
file,27
htmlget,26
optee_smci_tee_service,25
dosfstools,24
parted,24
freeradius,24
quagga,23
lede,23
iputils,21
openjdk,21
apstats,21
linux-ntfs,19
miniigd,19
zip,19
npd6,19
ndisc6,18
rfdformat,17
atmarp,17
dhrystone,16
ifenslave,16
newfs_hfs,16
nbtool,16
map,15
netatalk,15
qrngd,15
sumtool,14
alsa,14
udevinfo,14
mini_httpd,13
attr,13
xdslctl,13
xtmctl,13
dhttpd,13
dosfsck,12
dbd,11
socat,11
wred,11
comgt,11
trigger,11
tar,11
python,11
uniconv,10
nbtscan,10
bluemoon,10
udpxy,9
sample.bin,9
shn_ctrl,9
ecmh,9
forked,9
mac oui tool,9
goahead,9
sd-idle,8
mkfatfs,8
servd,8
mmc-utils,8
wifidog,8
bc,8
tinylogin,8
wsccmd,8
lsattr,8
circled,7
memtester,7
bcmmserver,7
proftpd,6
mklost+found,6
redis,6
libmetalink,6
luajit,6
aescrypt,5
artmtd,5
exfat,5
debugfs,5
fontconfig,5
nginx,5
urlset,5
nrf dtm,5
dhcp-forwarder,5
open switch,4
jitterentropy-rngd,4
stubby,4
smtpclient,4
nfs-utils,4
u-boot,4
module-init-tools,4
tor,4
rndimage,4
hdparm,3
mdadm,3
xfsprogs,3
ngrep,3
cpu,3
upagent,3
leafp2p,3
checksum,3
diag,3
phttpd,3
modem handle,3
veth,3
camera-manager,3
btconfig,3
mcproxy,3
sshpass,3
haserl,3
rtpproxy,2
rflow,2
isatapd,2
ltrace,2
spawn-fcgi,2
cifs-utils,2
amule,2
transmission,2
flex,2
mjpg streamer,2
updatedd,2
inotify-tools,2
omci simulate,2
ip2region,2
ntfs-3g.secaudit,2
apg,2
mfg_search,2
libfuse,2
ping watchdog,2
vnstat,2
online_fwlist_check,1
kamailio,1
cpulimit,1
ptzctrl,1
osip,1
nettle,1
tinc,1
thttpd,1
wan_debug,1
picocom,1
mtools,1
hyd,1
discovery tool,1
open-plc-utils,1
discover demon,1
io utility,1
firewall configuration util,1
appweb,1
shatd,1
dnscrypt-proxy,1
hostip,1
p910nd,1
gnu m4,1
portt,1
aria,1
mysql,1
