ntp,4.2.4
e2fsprogs,1.40.11
iptables,1.2.6
wpa_supplicant,0.4.9
tcpdump,4.2.1
e2fsprogs,1.42.7
mtd-utils,1.4.9
wpa_supplicant,0.6.9
freeradius,2.2.6
iperf,3.1.4
busybox,1.17.1
bash,4.4.12
redis,3.2.8
bluez,5.48
wpa_supplicant,2.8
avahi,0.6.25
strace,4.5.20
logrotate,3.10.0
dropbear,2012.55
iperf,3.1
openssl,1.0.1
busybox,1.1.3
u-boot,1.0.0
dropbear,2015.67
inetutils,1.5
util-linux,2.24.1
mtd-utils,1.5.2
e2fsprogs,1.42.8
quagga,0.99.21
nfs-utils,1.1.5
dropbear,2017.75
tcpdump,3.9.7
ipset,6.11
busybox,1.22.1
logrotate,3.8.1
netatalk,2.2.1
iw,3.6
i2c-tools,3.1.2
rsyslog,8.18.0
util-linux,2.25.2
gdb,7.1
nginx,1.8.0
binutils,2.31.1
bftpd,4.3
totd,1.5.2
bluez,5.50
avahi,0.6.31
memtester,4.3.0
ethtool,2.6.34
picocom,1.7
strace,4.10
iperf,3.1.3
nginx,1.4.7
iw,4.3
iptables,1.4.21
tor,0.2.3.25
strongswan,5.2.1
wget,1.14
iperf,3.1.2
busybox,1.11.2
zip,3.0
thttpd,2.25
tcpdump,4.4.0
busybox,1.13.1
ntfs-3g,2010.3.6
busybox,1.12.0
ntfs-3g,2012.1.15
dnsmasq,2.39
iptables,1.3.7
nginx,1.5.11
alsa,1.0.25
socat,1.7.3.2
tcpdump,4.1.1
wpa_supplicant,2.1
busybox,1.19.3
busybox,1.30.1
ntfs-3g,2009.4.4
strace,4.5.18
coreutils,6.9
iw,4.1
ipset,4.5
ipset,6.24
iw,3.14
proftpd,1.3.4
strace,4.8
i2c-tools,3.0.3
tcpdump,4.5.1
libfuse,2.7.4
attr,2.4.48
lighttpd,1.4.28
dnsmasq,2.56
jq,1.5
tar,1.26
tor,0.2.4.20
busybox,1.00
xz,5.2.1
mini_httpd,1.19
busybox,0.60.0
dnsmasq,2.58
busybox,0.60.4
mtd-utils,2.1.1
wpa_supplicant,0.7.3
busybox,1.16.1
busybox,1.01
iw,4.7
gdb,8.3.1
ntfs-3g,2015.3.14
dnsmasq,2.52
ethtool,4.19
dnsmasq,2.83
busybox,1.14.0
iptables,1.3.5
busybox,1.27.2
samba,3.6.9
dnsmasq,2.49
ipset,6.34
bluez,5.37
samba,3.0.28
ipset,6.32
wpa_supplicant,0.6.10
avahi,0.6.30
openssl,1.1.0
busybox,1.24.1
ethtool,3.7
samba,2.0.10
dnsmasq,1.10
dropbear,2014.63
iperf,2.0.2
lighttpd,1.4.26
bridge-utils,1.0.6
ntfs-3g,2011.1.15
ipset,6.30
dnsmasq,2.22
samba,3.0.14
sysstat,11.6.2
e2fsprogs,1.41.12
iw,3.15
transmission,2.82
dnsmasq,2.50
busybox,1.1.0
proftpd,1.3.3
bc,1.06
mtd-utils,1.4.6
wpa_supplicant,0.5.7
ntfs-3g,2010.10.2
sysstat,9.0.3
wget,1.10.1
dropbear,2018.76
binutils,2.34
iw,4.14
openssl,0.9.8
bftpd,3.6
iptables,1.4.6
dnsmasq,2.73
gzip,1.6
util-linux,2.20.1
lighttpd,1.4.47
bridge-utils,1.5
nginx,0.3.7
dnsmasq,2.72
wpa_supplicant,2.5
sysstat,11.5.3
ppp,2.4.7
busybox,1.25.1
tftp-hpa,0.48
ethtool,4.5
bridge-utils,1.2
haserl,0.9.35
ntfs-3g,2016.2.22
libfuse,2.8.5
busybox,1.24.2
binutils,2.22
ethtool,3.18
e2fsprogs,1.38
lighttpd,1.4.54
avahi,0.6.32
wpa_supplicant,2.10
sysstat,8.0.1
net-snmp,5.0.8
sed,4.4
sed,4.2.1
php,4.4.0
iperf,2.0.4
gdb,7.5.1
strace,4.13
openssl,1.0.0
dnsmasq,2.71
lighttpd,1.4.19
nginx,1.2.2
dnsmasq,2.40
sysstat,11.6.1
dbus,1.12.2
iptables,1.3.3
samba,3.0.24
bridge-utils,1.1
wpa_supplicant,2.7
tar,1.29
util-linux,2.31.1
sysstat,10.1.1
sysstat,9.0.6
netatalk,3.1.12
u-boot,2012.10
wpa_supplicant,0.5.8
lighttpd,1.4.39
gdb,7.11.1
strongswan,5.7.2
dropbear,2011.54
ffmpeg,1.0
busybox,1.23.2
gdb,7.2
dbus,1.8.10
busybox,1.3.2
mtd-utils,2.0.2
dnsmasq,2.76
busybox,1.26.2
lighttpd,1.4.35
transmission,2.76
dropbear,2016.74
netatalk,3.0.5
openssl,1.1.1
rsyslog,8.2010.0
mtd-utils,2.1.2
wget,1.11.4
memtester,4.1.3
ipset,6.36
busybox,1.17.4
tcpdump,4.9.2
bftpd,4.4
avahi,0.7
strace,4.7
sed,4.2.2
net-snmp,5.1.2
proftpd,1.3.6
ntfs-3g,2017.3.23
tcpdump,4.9.3
php,5.6.36
e2fsprogs,1.42.4
busybox,1.19.2
wpa_supplicant,2.0
dnsmasq,2.81
dnsmasq,2.75
ppp,2.4.1
openvpn,2.3.10
iperf,2.0.9
e2fsprogs,1.41.9
e2fsprogs,1.43.1
busybox,1.18.2
sed,4.0
lighttpd,1.4.53
util-linux,2.21.2
gdb,6.6
ipset,6.38
mdadm,2.6
busybox,1.18.5
binutils,2.36
busybox,1.13.0
openssh,7.0
busybox,1.10.4
busybox,1.4.2
haserl,0.9.27
busybox,1.2.1
busybox,1.8.2
dnsmasq,2.47
net-snmp,5.7.3
e2fsprogs,1.41.11
lighttpd,1.4.30
ntp,4.2.8
dnsmasq,2.65
busybox,1.1.2
transmission,2.83
lrzsz,0.12.20
ntp,4.2.6
net-snmp,5.5
ipset,6.21
inetutils,1.4.1
lighttpd,1.4.48
ntfs-3g,2011.4.12
wpa_supplicant,2.3
lighttpd,1.4.18
strace,4.6
netatalk,2.2.5
lighttpd,1.4.55
wpa_supplicant,2.9
miniupnp,2.0
busybox,1.5.0
samba,3.6.22
samba,3.0.3
util-linux,2.29.2
openssl,1.0.2
iptables,1.4.2
samba,3.0.25
dnsmasq,2.45
dnsmasq,2.41
busybox,1.14.4
ppp,2.4.4
gdb,6.7.1
ipset,6.29
dnsmasq,2.79
sysstat,9.0.4
ethtool,3.4.1
luajit,2.0.4
mtd-utils,1.5.0
iptables,1.4.10
busybox,1.13.4
iptables,1.4.3.1
e2fsprogs,1.42.12
bluez,5.38
busybox,1.28.4
iptables,1.2.8
attr,2.4.47
busybox,1.21.1
socat,1.7.1.2
busybox,1.23.1
busybox,1.31.1
bc,1.06.95
binutils,2.20.1
net-snmp,5.8
mtd-utils,1.5.1
dnsmasq,1.8
bzip2,1.0.6
busybox,1.32.1
dnsmasq,2.33
e2fsprogs,1.43.8
quagga,0.99.24
ffmpeg,2.6.2
dnsmasq,2.80
busybox,1.11.1
busybox,1.7.0
sysstat,10.1.7
sysstat,10.1.6
lighttpd,1.4.59
gdb,6.8
busybox,1.29.3
dnsmasq,2.15
procps,3.3.11
wget,1.17.1
busybox,1.15.0
libfuse,2.7.3
busybox,1.7.2
wget,1.16
busybox,1.6.1
iw,3.17
wpa_supplicant,0.5.9
iptables,1.4.0
hiawatha,10.8.1
util-linux,2.18
dnsmasq,1.18
ethtool,2.6.36
wpa_supplicant,2.6
transmission,2.73
e2fsprogs,1.42.13
iptables,1.3.8
nfs-utils,1.2.3
wpa_supplicant,0.5.5
dnsmasq,2.62
busybox,1.33.1
util-linux,2.23.2
tar,1.13
sysstat,11.0.4
ethtool,4.8
iptables,1.4.5
dnsmasq,2.67
bluez,5.41
iptables,1.4.12.2
mini_httpd,1.24
samba,3.0.27
dropbear,2015.68
lighttpd,1.4.45
busybox,1.12.1
i2c-tools,4.1
wget,1.20.1
sed,2.05
lighttpd,1.4.49
transmission,2.84
gzip,1.5
tcpdump,3.8.3
socat,1.7.2.0
busybox,1.20.2
transmission,2.71
net-snmp,5.7.2
ethtool,3.14
dnsmasq,2.66
ntfs-3g,2010.5.22
bluez,5.47
quagga,0.99.20
iw,4.9
ntfs-3g,2014.2.15
ntp,4.2.2
memtester,4.0.8
nginx,1.8.1
busybox,1.14.2
iperf,3.0.11
busybox,1.25.0
gnutls,2.12.23
parted,3.0
busybox,1.11.0
wget,1.12
i2c-tools,3.1.0
kbd,2.0.2
gdb,7.4.1
bridge-utils,1.0.4
ntfs-3g,2013.1.13
dnsmasq,2.69
busybox,1.19.4
util-linux,2.30.2
busybox,1.18.4
ipset,4.1
netatalk,3.1.8
ethtool,4.13
busybox,1.14.1
i2c-tools,4.0
wget,1.11.1
dnsmasq,2.55
tar,1.23
iptables,1.2.7
iperf,2.0.5
tcpdump,4.9.0
alsa,1.0.26
iptables,1.4.4
wget,1.13.4
memtester,4.0.6
dnsmasq,2.78
tcpdump,3.9.8
binutils,2.23.2
dnsmasq,2.51
dropbear,2019.78
