iproute2,4
ndp proxy,4
arp-scan,4
ping watchdog,2
proftpd,4
ipset,4
hiawatha,4
qrngd,4
trigger,2
net-tools,1
steerd,2
ultravnc,4
circled,2
ne3logsave,2
quagga,4
bluemoon,2
iqctl,4
ttyportdet,2
frrouting,1
wpa_supplicant,4
transmission,4
lantiq,2
inotify-tools,4
dnsmasq,4
mdadm,4
lbd,2
shatd,2
ethtool,4
haserl,4
poptop,4
rdnssd,4
wget,1
file,1
flex,4
newfs_hfs,1
webd,2
checksum,1
miniupnp,4
sd-idle,4
u-boot,1
giflib,4
alsa,4
jq,1
lede,1
ncurses,4
squashfs-tools,1
upgrade,2
curl,4
hostapd,4
mysql,4
servd,2
nas,1
cpulimit,1
smtpclient,4
wcn,2
uniconv,3
gnu m4,1
nfs-utils,3
trace-cmd,4
inadyn,4
rndimage,2
fetchmail,4
vsntp,4
cifs-utils,3
xmldb,2
ipsec-tools,4
connection_mgr,2
openvpn,4
hyd,2
inetutils,3
socat,4
atcmdsrv,2
btconfig,4
zebra,4
paed,2
debugfs,4
portt,2
libqrencode,4
tar,4
binutils,3
udpxy,4
dbus,4
gptfdisk,4
procps,4
mjpg streamer,4
libfuse,4
qrngtest,4
pppoe,4
dwds_ctl,2
hostip,2
net-snmp,4
sdparm,4
coreutils,3
xl2tpd,4
miniigd,2
diag,2
dnrd,4
linux-ntfs,3
xtmctl,4
msmtp,4
htmlget,4
libmetalink,4
logrotate,3
netstat-nat,4
kbd,4
gnutls,4
tcpdump,4
ppp,4
osip,4
rtpproxy,4
pciutils,3
ne3ext_venc,2
bzip2,4
ifenslave,4
udevinfo,4
mkfatfs,1
import utility,3
import utility,3
telnetenabled,4
mongo,4
bpalogin,4
rflow,2
discover demon,2
amule,4
appweb,4
optee_smci_tee_service,2
axel,4
wd_keepalive,4
module-init-tools,4
gdb,1
bash,3
sumtool,4
lldp,4
ecmh,4
aria,4
mtools,4
veth,4
simple_at_manager,2
open-iscsi,4
sed,4
wlxmlpatch,2
minimalistic,2
email,4
mac oui tool,2
nbtscan,4
rsyslog,4
rfdformat,4
cpu,1
apg,4
ethswctl,4
comgt,4
bridge-utils,3
mcproxy,4
portmap,4
rtl8188ce-linux-driver,1
alinkgw,2
xdslctl,4
logd,2
uvm,4
pmcu_utility,2
ipcmk,4
samba,4
android debug bridge,3
libtiff,4
ndisc6,4
aescrypt,4
ne3ext_hdmi,2
mini_httpd,4
discovery tool,2
tor,4
minidlna,4
tinylogin,4
ip2region,2
i2c-tools,4
freeradius,4
iputils,3
bind-9,2
ne3sysparam,2
ceventc,4
mailsend,4
ebtables,4
encrypt,2
jpegtoavi,4
mmc-utils,3
jpegtran,4
wifidog,4
ntp,4
wan_debug,2
nbtool,4
iw,4
e2fsprogs,4
jitterentropy-rngd,4
watchdog,4
vnstat,4
forked,2
igmpproxy,4
sysstat,4
avahi,4
stress,4
gzip,4
openssh,4
radns,4
perl,4
tinc,4
improxy,4
stubby,4
sqlite,4
gpon optic control,2
dev_discover,2
dhcp-forwarder,4
lrzsz,1
zip,4
kamailio,4
endpoint,4
util-linux,4
port-scan,2
thttpd,4
ne3ext_vdec,2
nrf dtm,4
ate daemon,2
leafp2p,2
dnscrypt-proxy,4
openjdk,4
libiconv,4
urlset,2
ne3ext_avol,2
modem handle,2
pimd,4
libnl,4
redis,4
netatalk,4
nameresolv,2
xfsprogs,4
setoid,2
ntfs-3g,4
usbip-utils,3
tinyproxy,4
mfg_search,2
strace,4
mate-power-manager,4
wigwam,4
dbd,2
map,4
camera-manager,4
bcmmserver,2
wireless-tools,4
xz,1
getoid,2
updatedd,2
php,4
7zip,4
bc,1
totd,4
ntfs-3g.secaudit,4
mklost+found,4
asterisk,4
dhttpd,4
fontconfig,4
open switch,4
io utility,2
dhrystone,4
rdb_manager,2
ceventd,4
cur,2
dcd,2
memtester,4
cloud-sdk,2
ne3memdump,2
nettle,4
sshpass,4
nginx,4
geoip,4
openssl,4
picocom,4
luajit,4
lzma,3
dosfsck,4
upagent,2
conn-indicator,2
p910nd,2
ookla,2
dosfstools,4
hdparm,4
dropbear,4
radvd,4
arptables,4
mtd-utils,3
spawn-fcgi,4
tftp-hpa,4
cgi-wrapper,4
mtd re-flash tool,2
wol,4
dpiclass,2
ralink,4
con2tel,2
open-plc-utils,3
gnupg,1
goahead,4
strongswan,4
renew ethernet daemon,2
isc dhcp,4
docker,4
iperf,4
opkg,4
exfat,4
iptables,4
ssmtp,4
parted,4
firewall configuration util,2
bluez,4
bootlogd,4
conntrack,4
lua,4
ptzctrl,4
ipwatchd,4
rng-tools,4
wred,2
arp,4
ne3_regrw_io,2
apstats,4
ez-ipupdate,4
snarf,2
uclinux,4
phttpd,4
bftpd,4
zic.c,3
npd6,4
ngrep,4
ccrypt,4
artmtd,2
busybox,1
sample.bin,2
attr,4
crytool,2
atmarp,4
wsccmd,2
lighttpd,4
lsattr,4
ppmd,4
online_fwlist_check,2
ltrace,4
ddns,1
shn_ctrl,2
udhcp,1
isatapd,4
lwip,4
python,4
ffmpeg,4
omci simulate,2
