hyd,hyd v 1213
brctl,bridge-utils
mcad,management console agent
iperf3,iperf
mca-ctrl,management console agent controller
wpa_supplicant_60g,wpa_supplicant
dhcpd,dhcp
mpstat,sysstat
ated,ate daemon
rstpctl,rstp
pppoe-relay,ppope
xl2tpd-control,xl2tpd
ivictl,map netfilter device controller utility
ministun,minimalistic stun client
mem,lantiq
busybox2,busybox
logserver,lantiq
ppmd,lantiq
wpa_cli-2.7,wpa
wpa_supplicant-2.7,wpa
my_unzip,unzip
pppoe-sniff,pppoe
crond,busybox
udhcpd,udhcp server
traceroute,busybox
logger,busybox
nslookup,busybox
watch,busybox
sysctl,busybox
sh,busybox
dibbler-client,dibbler
dibbler-relay,dibbler
dibbler-requestor,dibbler
dibbler-server,dibbler
7zDec,7z ansi-c decoder
wget_d,wget
arping,busybox
ash,busybox
awk,busybox
basename,busybox
chgrp,busybox
chmod,busybox
chown,busybox
cmp,busybox
cp:,busybox
crontab,busybox
cut,busybox
date,busybox
dirname,busybox
echo,busybox
egrep,busybox
expr,busybox
false,busybox
fgrep,busybox
grep,busybox
head,busybox
hostname,busybox
killall,busybox
ln,busybox
ls,busybox
mkdir,busybox
mknod,busybox
mv,busybox
nc,busybox
nice,busybox
ping,busybox
ping6,busybox
cat,busybox
kill,busybox
printf,busybox
rm,busybox
sleep,busybox
sort,busybox
sync,busybox
tail,busybox
test,busybox
touch,busybox
tr,busybox
traceroute6,iputils
true,busybox
umount,busybox
uname,busybox
uptime,busybox
whoami,busybox
xargs,busybox
fsck.ext3,busybox
insmod,busybox
logread,busybox
modprobe,busybox
rmmod,busybox
route,busybox
start-stop-daemon,busybox
udhcpc-ext,udhcp
udhcpd-ext,udhcp
dni-discoverd,discovery tool
dniPlcd,plc tools
makedevs,busybox
mjpg_streamer,mjpg streamer
discoverd,discover demon
udhcpc-discovery,udhcpcd
udhcpc_autoip,udhcpcd
gcom,comgt
tic,ncurses
dbus-cleanup-sockets,d-bus
rtmon,iproute2
modinfo.26,module-init-tools
modprobe.26,module-init-tools
rmmod.26,module-init-tools
insmod.26,module-init-tools
fbset.real,frame buffer device configuration
ajs,embedthis appweb
ajsc,embedthis appweb
hspotap,hotspot
busybox_19,busybox
gnu_wget,wget
pppoe-srvv2,pppoe
chrt,busybox
bcmbusybox,busybox
dry,dhrystone benchmark
shdx_curl,curl
unbzip2,bzip2
nkgw,alinkgw
igmprt,igmpproxy
php-cli,php
php-cgi,php
tincd,tinc
dhcpfwd,dhcp
repeater,ultravnc linux repeater
usbipd,usbip-utils
cloud-brd,cloud-sdk
sadc,sysstat
adb,android debug bridge
racoon,ipsec-tools
setkey,ipsec-tools
nl-class-add,libnl tools
mkfs.ext3,mke2fs
mkfs.ext4,mke2fs
mkfs.ext4dev,mke2fs
fsck.ext4,e2fsck
fsck.ext4dev,e2fsck
hostapd_ath0,hostapd
hostapd_wlan0,hostapd
fc-query,fontconfig
fc-cache,fontconfig
fc-cat,fontconfig
fc-list,fontconfig
fc-match,fontconfig
fc-pattern,fontconfig
fc-scan,fontconfig
fc-validate,fontconfig
modem_handle,modem handle
vethd,veth
wm_cli,wlan manager
fsck.exfat,exfatfsck
mkfs.exfat,mkexfatfs
mount.exfat,exfat
bmp2tiff,libtiff
fax2ps,libtiff
fax2tiff,libtiff
gif2tiff,libtiff
pal2rgb,libtiff
ppm2tiff,libtiff
ras2tiff,libtiff
raw2tiff,libtiff
rgb2ycbcr,libtiff
thumbnail,libtiff
tiff2bw,libtiff
tiff2pdf,libtiff
tiff2ps,libtiff
tiff2rgba,libtiff
tiffcmp,libtiff
tiffcp,libtiff
tiffcrop,libtiff
tiffdither,libtiff
tiffinfo,libtiff
tiffmedian,libtiff
tiffsplit,libtiff
cli.r21938,iptables
cli.r21946,iptables
mac-oui,mac oui tool
ntfs-3g.secaudit,secaudit
speed-test,ookla
rftest2,rf test tool
aria2c,aria
rftest-triband2,rf test tool
AGPServer,agp server
cammsger,camera message manager
racfg,rtl8188 wireless control utility
mount,busybox
dhcp-fwd,dhcp-forwarder
rt2860apd,ralink dot1x daemon
redis-server,redis server
webping,web ping utility
genl,iproute
busybox_161,busybox
pingwdd,ping watchdog
help,busybox
agentxtrap,snmp
snmptls,snmp
pidof,busybox
dd.coreutils,coreutils
dmesg.util-linux,util-linux
echo.coreutils,coreutils
egrep.grep,grep
false.coreutils,coreutils
fgrep.grep,grep
gzip.gzip,gzip
hostname.net-tools,net-tools
kill.coreutils,coreutils
kill.procps,procps
kill.util-linux,util-linux
kmod,kmod
ln.coreutils,coreutils
ls.coreutils,coreutils
mknod.coreutils,coreutils
mktemp.mktemp,mktemp
more.util-linux,util-linux
mount.util-linux,util-linux
mv.coreutils,coreutils
netstat.net-tools,net-tools
ps.procps,procps
pwd.coreutils,coreutils
rm.coreutils,coreutils
rmdir.coreutils,coreutils
sed.sed,sed
sleep.coreutils,coreutils
stty.coreutils,coreutils
su.util-linux,util-linux
sync.coreutils,coreutils
tar.tar,tar
touch.coreutils,coreutils
true.coreutils,coreutils
umount.util-linux,util-linux
uname.coreutils,coreutils
date.coreutils,coreutils
grep.grep,grep
mkdir.coreutils,coreutils
ping.iputils,iputils
arch.coreutils,coreutils
base64.coreutils,coreutils
basename.coreutils,coreutils
chcon.coreutils,coreutils
chrt.util-linux,util-linux
cksum.coreutils,coreutils
comm.coreutils,coreutils
csplit.coreutils,coreutils
cut.coreutils,coreutils
dbus-monitor,d-bus
df.coreutils,coreutils
dir.coreutils,coreutils
dircolors.coreutils,coreutils
dirname.coreutils,coreutils
du.coreutils,coreutils
eject.util-linux,util-linux
env.coreutils,coreutils
expand.coreutils,coreutils
expr.coreutils,coreutils
factor.coreutils,coreutils
find.findutils,findutils
flock.util-linux,util-linux
dbus-send,d-bus
logname.coreutils,coreutils
uptime.coreutils,coreutils
wc.coreutils,coreutils
fmt.coreutils,coreutils
fold.coreutils,coreutils
free.procps,procps
groups.coreutils,coreutils
head.coreutils,coreutils
hexdump.util-linux,util-linux
hostid.coreutils,coreutils
id.coreutils,coreutils
install.coreutils,coreutils
join.coreutils,coreutils
last.util-linux,util-linux
lbracket.coreutils,coreutils
link.coreutils,coreutils
logger.util-linux,util-linux
md5sum.coreutils,coreutils
mesg.util-linux,util-linux
mkfifo.coreutils,coreutils
mktemp.coreutils,coreutils
nice.coreutils,coreutils
nl.coreutils,coreutils
nohup.coreutils,coreutils
nproc.coreutils,coreutils
od.coreutils,coreutils
paste.coreutils,coreutils
pathchk.coreutils,coreutils
pgrep.procps,procps
ping6.iputils,iputils
pinky.coreutils,coreutils
pkill.procps,procps
pmap.procps,procps
pr.coreutils,coreutils
printenv.coreutils,coreutils
printf.coreutils,coreutils
ptx.coreutils,coreutils
pwdx.procps,procps
readlink.coreutils,coreutils
realpath.coreutils,coreutils
renice.util-linux,util-linux
runcon.coreutils,coreutils
seq.coreutils,coreutils
setsid.util-linux,util-linux
sha1sum.coreutils,coreutils
sha224sum.coreutils,coreutils
sha256sum.coreutils,coreutils
sha384sum.coreutils,coreutils
sha512sum.coreutils,coreutils
shred.coreutils,coreutils
shuf.coreutils,coreutils
sort.coreutils,coreutils
split.coreutils,coreutils
stat.coreutils,coreutils
stdbuf.coreutils,coreutils
sum.coreutils,coreutils
tac.coreutils,coreutils
tail.coreutils,coreutils
tee.coreutils,coreutils
test.coreutils,coreutils
timeout.coreutils,coreutils
tr.coreutils,coreutils
traceroute6.iputils,iputils
truncate.coreutils,coreutils
tsort.coreutils,coreutils
tty.coreutils,coreutils
unexpand.coreutils,coreutils
uniq.coreutils,coreutils
unlink.coreutils,coreutils
uptime.procps,procps
users.coreutils,coreutils
utmpdump.util-linux,util-linux
vdir.coreutils,coreutils
wall.util-linux,util-linux
watch.procps,procps
who.coreutils,coreutils
whoami.coreutils,coreutils
yes.coreutils,coreutils
blockdev.util-linux,util-linux
ctrlaltdel,ctrlaltdel
fdisk.util-linux,util-linux
fsck.minix.util-linux,util-linux
fsck.util-linux,util-linux
hdparm.hdparm,hdparm
ifconfig.net-tools,net-tools
ipmaddr.net-tools,net-tools
iptunnel.net-tools,net-tools
losetup.util-linux,util-linux
mii-tool.net-tools,net-tools
mkfs.minix.util-linux,util-linux
nameif.net-tools,net-tools
pivot_root.util-linux,util-linux
plipconfig.net-tools,net-tools
rarp.net-tools,net-tools
readprofile.util-linux,util-linux
hwclock.util-linux,util-linux
mkswap.util-linux,util-linux
resize2fs,resize2fs
route.net-tools,net-tools
slattach.net-tools,net-tools
sulogin.util-linux,util-linux
swapoff.util-linux,util-linux
swapon.util-linux,util-linux
sysctl.procps,procps
arping.iputils,iputils
chroot.coreutils,coreutils
